activity_id,outcome_col,y_true,y_pred,split
44000-P006043,outcomes_z_activity_mean,0.6230333075497915,0.13283939947192155,train
44000-P009127,outcomes_z_activity_mean,0.39304496537745226,0.07044465585406699,train
44000-P040712,outcomes_z_activity_mean,-0.21385569979175098,0.18037900764954348,train
44000-P040907,outcomes_z_activity_mean,0.14348595642507272,0.10604104241364484,train
44000-P045499,outcomes_z_activity_mean,-0.053720971318840266,0.10928359446953398,train
44000-P049395,outcomes_z_activity_mean,-0.4358882607837645,-0.0351074410052421,train
44000-P050653,outcomes_z_activity_mean,0.42406796914175504,0.16295964253605907,train
44000-P054221,outcomes_z_activity_mean,-0.5328695403295887,0.15525804554171518,train
44000-P056018,outcomes_z_activity_mean,-0.12679756572983314,-0.05489856266309541,train
44000-P056256,outcomes_z_activity_mean,-0.1283173770681109,0.10894522455754896,train
44000-P057761,outcomes_z_activity_mean,1.4003876655583027,0.39543363982230595,train
44000-P060484,outcomes_z_activity_mean,0.2793742318173276,0.25326237729366186,train
44000-P063913,outcomes_z_activity_mean,-0.4792992083073264,0.0674215272987104,train
44000-P064836,outcomes_z_activity_mean,-0.1792339305716145,-0.14976145368993032,train
44000-P064918,outcomes_z_activity_mean,-0.6345626099113927,-0.20604043222635673,train
44000-P064925,outcomes_z_activity_mean,0.019749958851915855,0.019763323259259235,train
44000-P065256,outcomes_z_activity_mean,-0.4850865923224869,-0.11857810471315154,train
44000-P065898,outcomes_z_activity_mean,0.0024740563245247713,0.19423611844015085,train
44000-P066051,outcomes_z_activity_mean,-0.25347843383329377,-0.20439176397245637,train
44000-P066397,outcomes_z_activity_mean,0.389482426279824,0.08933753040537327,train
44000-P069258,outcomes_z_activity_mean,-0.6960294934179709,-0.09698848390577144,train
44000-P070519,outcomes_z_activity_mean,-0.28129291891674885,0.09214506338056161,train
44000-P070628,outcomes_z_activity_mean,-0.10472680098884522,0.03999381533169467,train
44000-P070899,outcomes_z_activity_mean,-0.9613716254711082,-0.11867904023050968,train
44000-P070958,outcomes_z_activity_mean,-0.7353200793027865,-0.08447373072715988,train
44000-P071075,outcomes_z_activity_mean,-0.6739060459016888,0.257409496485387,train
44000-P071170,outcomes_z_activity_mean,-0.39010216835040135,-0.11123871541259855,train
44000-P071259,outcomes_z_activity_mean,1.6086955299051162,0.5341770567119708,train
44000-P071285,outcomes_z_activity_mean,-0.00529104921858183,-0.005224832436999633,train
44000-P071296,outcomes_z_activity_mean,-0.3950806363875744,-0.08624259222020123,train
44000-P071340,outcomes_z_activity_mean,-0.706028736549793,0.09952235352344474,train
44000-P071391,outcomes_z_activity_mean,0.20240240460345413,0.2242489709685547,train
44000-P072644,outcomes_z_activity_mean,0.12421816576228939,0.11555660471719098,train
44000-P073089,outcomes_z_activity_mean,1.324121182154706,0.24354781822056637,train
44000-P073370,outcomes_z_activity_mean,0.07824392245994893,0.13844711668483545,train
44000-P073477,outcomes_z_activity_mean,-0.865453799033152,-0.40199200398536145,train
44000-P073763,outcomes_z_activity_mean,0.7686448894759635,0.042441310956389575,train
44000-P073977,outcomes_z_activity_mean,-0.05773602258754936,-0.058561625940903306,train
44000-P074011,outcomes_z_activity_mean,0.6614440321625936,0.06616918063816403,train
44000-P074030,outcomes_z_activity_mean,-0.42948233932052504,0.1788993080419262,train
44000-P074086,outcomes_z_activity_mean,-0.04654910081236271,0.2757171833873308,train
44000-P074191,outcomes_z_activity_mean,-0.3113921920246132,0.019582989946491346,train
44000-P074235,outcomes_z_activity_mean,-0.7496007441872612,-0.1254610792137018,train
44000-P074288,outcomes_z_activity_mean,0.7117084083188541,0.14295343487793916,train
44000-P074688,outcomes_z_activity_mean,-0.019596708416463153,0.0005535684531897215,train
44000-P075207,outcomes_z_activity_mean,0.40790542432130783,0.3515911064677658,train
44000-P075343,outcomes_z_activity_mean,0.10590346706107488,0.014588310389793822,train
44000-P075523,outcomes_z_activity_mean,-0.4610120032362221,-0.09500138243093817,train
44000-P076735,outcomes_z_activity_mean,0.6015376707227692,0.08814076753957788,train
44000-P077752,outcomes_z_activity_mean,-0.4516683597664617,-0.08567498262847474,train
44000-P078091,outcomes_z_activity_mean,-0.16499055295948684,0.09164437152505019,train
44000-P078301,outcomes_z_activity_mean,0.6041444427711457,0.11621339305390345,train
44000-P078342,outcomes_z_activity_mean,-0.8540137603032911,-0.3515593121041345,train
44000-P078707,outcomes_z_activity_mean,-2.0578369482967,-0.47239706427801154,train
44000-P079414,outcomes_z_activity_mean,0.15030435045737156,0.2050254737772439,train
44000-P079633,outcomes_z_activity_mean,0.07719282380391504,-0.028921786930270883,train
44000-P079675,outcomes_z_activity_mean,0.5965989905741125,0.25223677342583056,train
44000-P079734,outcomes_z_activity_mean,0.7055855616445694,0.15595755997774538,train
44000-P081348,outcomes_z_activity_mean,-0.18039799438651824,-0.028495685175919435,train
44000-P081436,outcomes_z_activity_mean,-0.3664230114891309,-0.17024408009371622,train
44000-P081567,outcomes_z_activity_mean,-0.16020969465740775,0.23959196134542704,train
44000-P081776,outcomes_z_activity_mean,-0.17327410514211108,-0.36640940106161746,train
44000-P082295,outcomes_z_activity_mean,0.05292151858964012,-0.1807297552691643,train
44000-P082337,outcomes_z_activity_mean,1.1350578226967225,0.15152013536462258,train
44000-P082466,outcomes_z_activity_mean,0.23165529339242683,0.17692278464569447,train
44000-P082651,outcomes_z_activity_mean,1.9181727041263243,0.1394669545783551,train
44000-P083110,outcomes_z_activity_mean,-0.08265603624785729,0.028488110258529743,train
44000-P083187,outcomes_z_activity_mean,0.32083804040971614,0.1302701074053819,train
44000-P083588,outcomes_z_activity_mean,-0.3821878434469794,-0.040718874012215495,train
44000-P083702,outcomes_z_activity_mean,-0.4433615086153804,-0.11514347573973785,train
44000-P083780,outcomes_z_activity_mean,-0.48218451861343953,-0.07335094871710404,train
44000-P083813,outcomes_z_activity_mean,-0.5240713310676163,-0.153176858298837,val
44000-P083908,outcomes_z_activity_mean,1.0045457841017016,0.4695321376337591,train
44000-P083997,outcomes_z_activity_mean,0.014392185380972294,-0.10063329422867284,train
44000-P084002,outcomes_z_activity_mean,-0.7063276294688766,0.2698393071513276,train
44000-P084022,outcomes_z_activity_mean,-0.025902641199602547,0.08822254282424935,train
44000-P084035,outcomes_z_activity_mean,-0.1441761048540913,-0.022728081927207308,train
44000-P084148,outcomes_z_activity_mean,0.8455276598203989,0.35796947599884765,train
44000-P084302,outcomes_z_activity_mean,-0.2790187627174833,0.022471208138428483,train
44000-P084404,outcomes_z_activity_mean,-0.6013293017122403,-0.07799621193080751,train
44000-P084773,outcomes_z_activity_mean,0.0704632759682684,-0.03213399321645032,train
44000-P084790,outcomes_z_activity_mean,-0.2881084769051136,-0.1328870206623579,train
44000-P084792,outcomes_z_activity_mean,-0.09458472498938403,-0.15115885770973597,train
44000-P084871,outcomes_z_activity_mean,-0.397427669762963,-0.1836089895188073,train
44000-P084874,outcomes_z_activity_mean,1.1102231795865565,0.2048598277400029,train
44000-P084967,outcomes_z_activity_mean,-0.1808628921859633,0.03968043781753414,train
44000-P085375,outcomes_z_activity_mean,-0.3647375372252203,-0.046386459812361475,train
44000-P085708,outcomes_z_activity_mean,-0.4724093911473658,-0.26062198237767614,train
44000-P086446,outcomes_z_activity_mean,0.6848725004447488,0.27039551949052815,train
44000-P086660,outcomes_z_activity_mean,0.16027075608101582,0.3431064368382825,train
44000-P086747,outcomes_z_activity_mean,-0.4549517121469074,-0.24143273365566648,train
44000-P086775,outcomes_z_activity_mean,0.3823811799853682,0.26024384501936954,train
44000-P086865,outcomes_z_activity_mean,-0.7046079838396171,0.1290410470358337,train
44000-P086877,outcomes_z_activity_mean,-0.49254166715191916,-0.17181999236060438,train
44000-P087004,outcomes_z_activity_mean,-0.5240713310676163,0.09119699491096782,train
44000-P087046,outcomes_z_activity_mean,1.2778234940124913,0.09300505898120892,train
44000-P087154,outcomes_z_activity_mean,-0.45521860129254466,0.06455006353044002,train
44000-P087304,outcomes_z_activity_mean,0.3835032630523665,0.08788049979308853,train
44000-P087807,outcomes_z_activity_mean,-0.84425506813152,-0.1147316052118891,train
44000-P087860,outcomes_z_activity_mean,0.02609241233182441,0.11958655064558754,train
44000-P087910,outcomes_z_activity_mean,-0.2861325028640637,-0.01141374011555533,train
44000-P087912,outcomes_z_activity_mean,0.21373525971013652,-0.027133724144108855,train
44000-P087925,outcomes_z_activity_mean,-0.012284600811512872,-0.13904553760076094,train
44000-P087964,outcomes_z_activity_mean,0.4434924276425675,-0.1031711683107763,train
44000-P088032,outcomes_z_activity_mean,0.1169185582414568,-0.018266101838881138,train
44000-P088220,outcomes_z_activity_mean,-0.6524300861527847,-0.11007475845400047,train
44000-P088319,outcomes_z_activity_mean,0.3314395958413546,-0.013817629315228412,train
44000-P088520,outcomes_z_activity_mean,-0.9524287917897574,-0.46230572784304547,train
44000-P088671,outcomes_z_activity_mean,-0.054193447436146326,-0.18098738322827312,train
44000-P088964,outcomes_z_activity_mean,-1.0103802023945159,-0.45137743195387514,train
44000-P088996,outcomes_z_activity_mean,-0.13925756318978202,-0.20505508824517196,train
44000-P089011,outcomes_z_activity_mean,-0.9594928063003023,-0.19461830190676083,train
44000-P089244,outcomes_z_activity_mean,0.8134742068121086,0.11071294452378164,train
44000-P089866,outcomes_z_activity_mean,0.0916104348934367,-0.17630340669987005,train
44000-P089929,outcomes_z_activity_mean,-0.2284046444156422,-0.22595641694380814,train
44000-P089985,outcomes_z_activity_mean,-0.397952675404828,0.028305364457077598,train
44000-P090073,outcomes_z_activity_mean,-1.06235619166835,-0.47897323226315136,train
44000-P090157,outcomes_z_activity_mean,1.2532004737274944,0.2043980971642068,train
44000-P090592,outcomes_z_activity_mean,-0.5158994197026828,0.0809633850103726,train
44000-P090675,outcomes_z_activity_mean,-0.09598020304840693,-0.3415722162139643,train
44000-P090693,outcomes_z_activity_mean,1.0720800555426089,0.1048307738918428,train
44000-P090991,outcomes_z_activity_mean,-0.009191919324283175,-0.1620932129187323,train
44000-P091031,outcomes_z_activity_mean,0.14832585356764239,0.14939020174056356,train
44000-P091297,outcomes_z_activity_mean,-0.623637796579995,-0.1723195787822337,train
44000-P091828,outcomes_z_activity_mean,-0.5020005663266284,-0.0339909829750879,train
44000-P092631,outcomes_z_activity_mean,0.27450144165997564,0.11098043901383552,train
44000-P092837,outcomes_z_activity_mean,-0.17724502799494848,0.28290798327323935,train
44000-P093132,outcomes_z_activity_mean,0.013351880808190306,0.20985101355012364,train
44000-P093384,outcomes_z_activity_mean,-0.47975193499472474,-0.4750029845294607,train
44000-P093775,outcomes_z_activity_mean,1.166551635892913,0.05677372845960838,train
44000-P093806,outcomes_z_activity_mean,-0.1279076232232961,-0.10418467758993755,train
44000-P093826,outcomes_z_activity_mean,-0.2706538514816136,-0.13381327985167035,train
44000-P093988,outcomes_z_activity_mean,0.5429074682510662,0.36601459851634566,train
44000-P094311,outcomes_z_activity_mean,-0.806812668426491,0.25402307512674555,train
44000-P094650,outcomes_z_activity_mean,-0.09298213114600563,0.01731151437528273,train
44000-P094692,outcomes_z_activity_mean,0.6109965698974782,0.025549301876268322,train
44000-P094916,outcomes_z_activity_mean,0.06887836319420064,-0.07526548052828975,train
44000-P094917,outcomes_z_activity_mean,-0.8492843107159367,-0.16297235425023937,train
44000-P094919,outcomes_z_activity_mean,0.11359370155608334,0.22397480349217044,train
44000-P095012,outcomes_z_activity_mean,1.6077113157433485,-0.00791188896025935,train
44000-P095050,outcomes_z_activity_mean,-0.6026892488079028,-0.2837692229437637,train
44000-P095114,outcomes_z_activity_mean,0.2831244607362087,0.1444216419787616,train
44000-P095115,outcomes_z_activity_mean,0.01387698358864356,-0.09329685231200771,train
44000-P095171,outcomes_z_activity_mean,-0.5240713310676163,0.29224491255183166,train
44000-P095229,outcomes_z_activity_mean,0.48678981573938096,0.26504251598562084,train
44000-P095240,outcomes_z_activity_mean,1.3848377244161454,0.26259566403346846,train
44000-P095315,outcomes_z_activity_mean,-0.24295737905945017,-0.2299989375283799,train
44000-P095337,outcomes_z_activity_mean,-0.2781399525251791,-0.13685430646125513,train
44000-P095485,outcomes_z_activity_mean,1.2211956314344465,0.36080230577018957,train
44000-P095965,outcomes_z_activity_mean,-0.23111102010366258,0.18911770085908744,train
44000-P096181,outcomes_z_activity_mean,0.5477870666082555,0.24427445590120558,train
44000-P096207,outcomes_z_activity_mean,-0.42948233932052504,-0.044743705390162106,train
44000-P096213,outcomes_z_activity_mean,-0.267654667446676,-0.012484765531742525,train
44000-P096367,outcomes_z_activity_mean,3.1814052735210745,0.31122771581869324,train
44000-P096556,outcomes_z_activity_mean,-0.5458732691141852,-0.4569453166277506,train
44000-P096586,outcomes_z_activity_mean,-0.3803343773088217,-0.022691319234912407,train
44000-P096648,outcomes_z_activity_mean,-0.4100411541115667,0.10322434852685453,train
44000-P096745,outcomes_z_activity_mean,-0.07064700035619939,0.047901246663596186,train
44000-P096801,outcomes_z_activity_mean,-0.2718340197420397,-0.14698067961847808,train
44000-P096923,outcomes_z_activity_mean,-0.07142821945082672,-0.18403171043752303,train
44000-P096925,outcomes_z_activity_mean,0.19893090757535495,0.20510757215038541,train
44000-P096926,outcomes_z_activity_mean,-0.33081490325709795,-0.24042047202507877,train
44000-P096965,outcomes_z_activity_mean,0.21892206235252876,0.20759441765729103,train
44000-P097201,outcomes_z_activity_mean,-0.3850286657138967,0.08352278180798847,train
44000-P097271,outcomes_z_activity_mean,0.1678722884368824,0.16406500351024356,train
44000-P097974,outcomes_z_activity_mean,-0.0786174691944552,0.21022676463444626,train
44000-P097975,outcomes_z_activity_mean,3.5282434637026308,0.5663858586912383,train
44000-P098052,outcomes_z_activity_mean,-0.7525902184686957,-0.4412547515749963,train
44000-P098078,outcomes_z_activity_mean,-0.03882048858197404,-0.06328737490399622,train
44000-P098948,outcomes_z_activity_mean,-0.33229006640164827,-0.3459491168469869,train
44000-P099369,outcomes_z_activity_mean,0.15718107262382527,0.1676815943761124,train
44000-P099626,outcomes_z_activity_mean,0.005015059083909209,0.1536888245852449,train
44000-P099751,outcomes_z_activity_mean,0.11933065320140987,0.15589158421174712,train
44000-P099811,outcomes_z_activity_mean,-0.26707460466394284,-0.11756210228730492,train
44000-P099894,outcomes_z_activity_mean,0.021391854673943056,0.03702479664265518,train
44000-P099895,outcomes_z_activity_mean,-0.5527633252309005,-0.07510720898083122,train
44000-P099992,outcomes_z_activity_mean,-0.15517426325396058,-0.24503446037235235,train
44000-P100047,outcomes_z_activity_mean,0.08159413883512706,0.05692618831125617,train
44000-P100101,outcomes_z_activity_mean,0.2957077196405889,0.1886513548903445,train
44000-P100311,outcomes_z_activity_mean,0.03639290580701828,-0.04225162724197157,train
44000-P100332,outcomes_z_activity_mean,-0.48213687805973915,-0.08113459096932821,train
44000-P100406,outcomes_z_activity_mean,0.4837103597859541,0.141949348540299,train
44000-P100620,outcomes_z_activity_mean,-0.49254166715191916,0.13160724301863982,train
44000-P100968,outcomes_z_activity_mean,-0.20890203815236527,-0.11851710340489258,train
44000-P101103,outcomes_z_activity_mean,-0.29390478448302765,0.23092420889332324,train
44000-P101190,outcomes_z_activity_mean,-0.23955606033309382,0.15908149457176252,train
44000-P101258,outcomes_z_activity_mean,-0.4317312701093248,0.0037684181282145136,train
44000-P101279,outcomes_z_activity_mean,0.23508905820822587,-0.1984346508138654,train
44000-P101432,outcomes_z_activity_mean,-0.26674974202651586,-0.39182929345507594,train
44000-P101556,outcomes_z_activity_mean,0.5120938729063398,0.37787573194687546,train
44000-P101578,outcomes_z_activity_mean,-2.1278094575476043,-0.21151215063453993,val
44000-P101650,outcomes_z_activity_mean,-0.29610834088955384,-0.203346740046858,train
44000-P101745,outcomes_z_activity_mean,-0.019596708416463153,0.26764834785201597,train
44000-P101829,outcomes_z_activity_mean,-0.8744583899667487,-0.47926673239688355,train
44000-P101988,outcomes_z_activity_mean,-0.42114003237403086,0.051648477648904824,train
44000-P102627,outcomes_z_activity_mean,-0.8661681845529294,-0.06915436524546632,train
44000-P102732,outcomes_z_activity_mean,0.8062425707752836,0.11643023360818959,train
44000-P102733,outcomes_z_activity_mean,-0.5985751301262238,0.052702048496686804,val
44000-P103037,outcomes_z_activity_mean,-0.5261739802795394,-0.13439896352024547,train
44000-P103238,outcomes_z_activity_mean,-0.13476929575707988,0.05371599261966407,train
44000-P103881,outcomes_z_activity_mean,-0.10318365723402988,0.016761633941011204,train
44000-P104034,outcomes_z_activity_mean,0.8424928334591635,0.06823086483872642,train
44000-P104266,outcomes_z_activity_mean,-0.15678795904985204,-0.26835746352207385,train
44000-P104456,outcomes_z_activity_mean,-0.6946437565008069,0.1414062042958648,train
44000-P104497,outcomes_z_activity_mean,1.7091994590627768,0.4710262552910771,train
44000-P104595,outcomes_z_activity_mean,0.4748932601824787,0.5817461512932699,train
44000-P104960,outcomes_z_activity_mean,-0.2556885060793376,-0.198754964621562,train
44000-P105176,outcomes_z_activity_mean,0.6521959975619834,0.1511947400625408,train
44000-P105256,outcomes_z_activity_mean,0.28725682010655285,0.28633727195524356,train
44000-P105288,outcomes_z_activity_mean,1.1421164088566003,0.20842346234651304,train
44000-P105872,outcomes_z_activity_mean,-0.2866392431852545,-0.3521265594570928,train
44000-P106424,outcomes_z_activity_mean,0.007653393358080796,-0.07203641868615278,train
44000-P106603,outcomes_z_activity_mean,2.7914622772076276,0.47647068309255025,train
44000-P106663,outcomes_z_activity_mean,0.28308806517422874,0.10624742112646245,train
44000-P106684,outcomes_z_activity_mean,-0.4806419557412187,-0.006138926714205351,train
44000-P106702,outcomes_z_activity_mean,0.20111093899341634,-0.17767372074012755,train
44000-P106703,outcomes_z_activity_mean,1.1636378343282803,0.17136799261453917,train
44000-P106909,outcomes_z_activity_mean,0.47503364183062935,0.13344770238707568,train
44000-P106956,outcomes_z_activity_mean,-0.5492950622001739,0.20950285154915965,train
44000-P107050,outcomes_z_activity_mean,-0.02376949956162027,-0.0006806578645123402,train
44000-P107137,outcomes_z_activity_mean,-0.47794541848719124,0.1508436462192618,train
44000-P107139,outcomes_z_activity_mean,-0.6413141101011165,-0.3171154966429089,train
44000-P107314,outcomes_z_activity_mean,0.9693745643807863,0.22110122128953497,train
44000-P107350,outcomes_z_activity_mean,-0.5429891294170346,0.04097126341132262,train
44000-P107355,outcomes_z_activity_mean,-0.6257596442213225,0.21307157053186748,train
44000-P107612,outcomes_z_activity_mean,-0.5313373622279375,-0.41776241244491796,train
44000-P107649,outcomes_z_activity_mean,0.31250387657314094,0.20057726629960054,train
44000-P107833,outcomes_z_activity_mean,-0.2781399525251791,-0.06796155740872253,train
44000-P107992,outcomes_z_activity_mean,-0.08357554327752946,-0.252304222018973,train
44000-P108143,outcomes_z_activity_mean,-0.665954818688253,-0.03636659091452696,train
44000-P108440,outcomes_z_activity_mean,-0.089815122278361,0.09698145474845792,train
44000-P108444,outcomes_z_activity_mean,0.2871113182864549,0.3096974111486175,train
44000-P109961,outcomes_z_activity_mean,-0.04321065410047498,0.13932856045861644,train
44000-P110020,outcomes_z_activity_mean,-0.05769447040596061,0.11311370935823407,train
44000-P110051,outcomes_z_activity_mean,1.8524279018114818,0.2852487617726839,train
44000-P110075,outcomes_z_activity_mean,0.16236761679217676,0.0340330493352401,train
44000-P110092,outcomes_z_activity_mean,-0.3386840874896427,-0.1190350102676786,train
44000-P110267,outcomes_z_activity_mean,-0.3058265979147553,-0.4056377236773235,train
44000-P110481,outcomes_z_activity_mean,-0.03023095770424959,0.05380113446735252,train
44000-P110538,outcomes_z_activity_mean,0.2996309478395843,-0.015948667786535663,train
44000-P110679,outcomes_z_activity_mean,1.4506943061985413,0.29412571314873837,train
44000-P111034,outcomes_z_activity_mean,7.904620141887552,0.6890034882173184,train
44000-P111163,outcomes_z_activity_mean,0.04346261941493098,-0.03175730490444755,train
44000-P111421,outcomes_z_activity_mean,-0.15269551755334504,0.08030688579813475,train
44000-P111479,outcomes_z_activity_mean,0.3117200580782598,0.34990506122158793,train
44000-P111548,outcomes_z_activity_mean,-0.2866392431852545,0.061147043062415335,train
44000-P111577,outcomes_z_activity_mean,0.5479372420660841,0.08085494648527873,train
44000-P111598,outcomes_z_activity_mean,0.15589473582160862,0.1532670813076016,train
44000-P111760,outcomes_z_activity_mean,-0.5776717597243013,-0.08413081188283207,train
44000-P112033,outcomes_z_activity_mean,-0.23248195819870243,-0.14090932539080275,train
44000-P112074,outcomes_z_activity_mean,-0.657032779018903,-0.24902953340134165,train
44000-P112158,outcomes_z_activity_mean,-1.182223895282765,-0.1348054143759379,train
44000-P112334,outcomes_z_activity_mean,0.12425717587341206,0.37065892269028683,train
44000-P112516,outcomes_z_activity_mean,-0.8442173861449906,-0.18747431829202166,train
44000-P112523,outcomes_z_activity_mean,-0.18670392716965764,-0.04032682839962069,train
44000-P112578,outcomes_z_activity_mean,-0.18384676037946526,-0.004159391234628008,train
44000-P112626,outcomes_z_activity_mean,-0.05045709767981735,0.10660484562053227,train
44000-P112719,outcomes_z_activity_mean,-0.015894619017527728,-0.07096160156157347,train
44000-P112759,outcomes_z_activity_mean,-0.7396756814052472,-0.47912763691437793,train
44000-P112780,outcomes_z_activity_mean,-0.5251906957617476,-0.3952997256426327,train
44000-P112893,outcomes_z_activity_mean,0.15274102479386828,-0.04635690416157597,train
44000-P112998,outcomes_z_activity_mean,-0.43263530571209474,0.4063285866715793,train
44000-P113078,outcomes_z_activity_mean,-0.28118641287285967,-0.24660849066333732,train
44000-P113145,outcomes_z_activity_mean,0.40695923994655053,0.33343061582798317,train
44000-P113151,outcomes_z_activity_mean,-0.05112637233216022,-0.14818360466348324,train
44000-P113266,outcomes_z_activity_mean,0.4838181334895307,0.058849121568159427,train
44000-P113416,outcomes_z_activity_mean,-0.5856582151231144,-0.22983169584244587,train
44000-P113766,outcomes_z_activity_mean,-0.37976718156135497,-0.11888414181002627,train
44000-P113844,outcomes_z_activity_mean,-0.33229006640164827,0.03220507232740252,train
44000-P113949,outcomes_z_activity_mean,-0.5455666916122145,-0.13818369925110704,train
44000-P113971,outcomes_z_activity_mean,-0.1366436811885321,0.07291979476465274,val
44000-P114069,outcomes_z_activity_mean,1.3536093362002908,0.09987953104969294,train
44000-P114077,outcomes_z_activity_mean,0.1670411408877599,0.02636646311511187,train
44000-P114204,outcomes_z_activity_mean,0.13064746803291646,0.2123436436995506,train
44000-P114264,outcomes_z_activity_mean,0.4750649229302728,0.2570605774028044,train
44000-P114338,outcomes_z_activity_mean,0.033151145994707885,0.15613392752407426,train
44000-P114348,outcomes_z_activity_mean,-0.3601170787059915,-0.09702079907002263,train
44000-P114766,outcomes_z_activity_mean,-0.5059489259804437,-0.24596385810866345,train
44000-P114827,outcomes_z_activity_mean,0.8383274717901632,-0.11379425405819907,val
44000-P114971,outcomes_z_activity_mean,-0.044882717961422014,-0.008138724509893823,train
44000-P115464,outcomes_z_activity_mean,0.16133387854192122,-0.13305804071236796,train
44000-P115566,outcomes_z_activity_mean,0.1637985731803956,0.11172404244036442,train
44000-P116410,outcomes_z_activity_mean,-0.3662706191439762,0.07734615936110116,train
44000-P116748,outcomes_z_activity_mean,-0.5490916183383909,0.03002317254361614,train
44000-P116919,outcomes_z_activity_mean,-0.5619069277664527,-0.19434624315845672,train
44000-P117082,outcomes_z_activity_mean,-0.3916467426216886,0.12361834642902585,train
44000-P117102,outcomes_z_activity_mean,-0.23147445187611085,0.07653523475300163,train
44000-P117152,outcomes_z_activity_mean,0.9077944407137317,0.3187749050488139,train
44000-P117293,outcomes_z_activity_mean,-0.5347204797042923,-0.04666301156684339,train
44000-P117323,outcomes_z_activity_mean,-0.26447132349215724,-0.13817905382905385,train
44000-P117365,outcomes_z_activity_mean,-0.3978658025644973,-0.054240634743668636,train
44000-P117617,outcomes_z_activity_mean,-0.16491700106164442,-0.003500812636820473,train
44000-P117745,outcomes_z_activity_mean,0.23211784305197605,0.048113721410447174,train
44000-P117864,outcomes_z_activity_mean,-0.29390478448302765,-0.07852951198796033,train
44000-P118064,outcomes_z_activity_mean,-0.17653765630072446,-0.3765072958064253,train
44000-P118179,outcomes_z_activity_mean,-0.621911062706189,-0.11871641150122336,train
44000-P118197,outcomes_z_activity_mean,-0.2634235396999653,-0.07183683052860292,train
44000-P118316,outcomes_z_activity_mean,0.01625197005380105,0.0845336805299777,train
44000-P118410,outcomes_z_activity_mean,0.22633467012597389,0.08293264591619066,train
44000-P118647,outcomes_z_activity_mean,0.17312976206556843,0.007514086641453945,train
44000-P118737,outcomes_z_activity_mean,-0.20266106456401842,0.034295049171761106,train
44000-P118979,outcomes_z_activity_mean,0.7942937490035029,-0.059898202928176034,train
44000-P119077,outcomes_z_activity_mean,-0.19062102173586207,0.010620507815251609,train
44000-P119085,outcomes_z_activity_mean,0.7841737668674656,0.4970299086540854,train
44000-P119140,outcomes_z_activity_mean,-0.4559105158357286,-0.20345955535061325,train
44000-P119662,outcomes_z_activity_mean,-0.45218369733982694,0.1562614338063738,train
44000-P119694,outcomes_z_activity_mean,-0.3983625387720557,-0.1942735730666901,train
44000-P119737,outcomes_z_activity_mean,0.5412881098296665,0.2009416995334658,train
44000-P119939,outcomes_z_activity_mean,0.1659473307133744,0.10548837031088744,train
44000-P120014,outcomes_z_activity_mean,-0.36327004509756117,0.1428879110023681,val
44000-P120026,outcomes_z_activity_mean,-0.3254344483987247,0.1096621342772484,train
44000-P120161,outcomes_z_activity_mean,-0.6448864134571917,-0.30545984960475614,train
44000-P120211,outcomes_z_activity_mean,-0.7612524423484653,-0.35543890099415093,train
44000-P120304,outcomes_z_activity_mean,-0.00383187645861462,0.13030625604045373,val
44000-P120629,outcomes_z_activity_mean,-0.5760135611813204,-0.46597312632139387,train
44000-P120660,outcomes_z_activity_mean,0.11667892323382971,0.12757834143252272,train
44000-P120664,outcomes_z_activity_mean,-0.7100022287894036,-0.114501245227888,train
44000-P120788,outcomes_z_activity_mean,0.6962333453973191,0.30390932877785914,train
44000-P120830,outcomes_z_activity_mean,0.22204135836884745,0.2065791347966932,train
44000-P120910,outcomes_z_activity_mean,-0.04957623927367871,0.06907447305851004,train
44000-P121152,outcomes_z_activity_mean,-0.17409206160337876,0.16450297718439738,val
44000-P121167,outcomes_z_activity_mean,-0.4034144139170114,0.0054472176395604375,train
44000-P121186,outcomes_z_activity_mean,-0.23431448766463228,0.02395566812679924,train
44000-P121210,outcomes_z_activity_mean,-0.45054291092945464,-0.34461470979905817,train
44000-P121289,outcomes_z_activity_mean,-0.55111644577852,-0.423813946704799,train
44000-P121774,outcomes_z_activity_mean,-0.694373358278046,-0.17556857621020314,train
44000-P122007,outcomes_z_activity_mean,0.0780956174337257,0.011787399428889449,train
44000-P122047,outcomes_z_activity_mean,-1.4792776260854428,-0.24166825590970156,train
44000-P122123,outcomes_z_activity_mean,-0.5240713310676163,0.377883895785349,train
44000-P122139,outcomes_z_activity_mean,-0.6366652541949361,0.04914946957518959,val
44000-P122153,outcomes_z_activity_mean,-0.870897634140284,0.2745306802787682,train
44000-P122178,outcomes_z_activity_mean,0.1872487138404716,-0.19931028091252154,val
44000-P122269,outcomes_z_activity_mean,0.07330348452688425,0.3194476840198574,train
44000-P122320,outcomes_z_activity_mean,-0.005955169874968982,0.20277058769311773,train
44000-P122770,outcomes_z_activity_mean,-0.43550086350967226,0.13624479320529786,val
44000-P122841,outcomes_z_activity_mean,-0.14009379537467348,-0.17297846557470758,train
44000-P123133,outcomes_z_activity_mean,0.17441885305693275,0.2444588119394174,train
44000-P123146,outcomes_z_activity_mean,-0.3664230114891309,-0.05130843282370421,train
44000-P123323,outcomes_z_activity_mean,-0.3104989332463708,0.05802992833427458,val
44000-P123384,outcomes_z_activity_mean,0.6611699150392776,0.13926397719461506,val
44000-P123729,outcomes_z_activity_mean,-0.4566747283464783,0.12773779807925636,val
44000-P123760,outcomes_z_activity_mean,-0.7874612833693935,-0.1824725172608706,train
44000-P123820,outcomes_z_activity_mean,-0.3730876007852384,-0.4430898374075538,train
44000-P123923,outcomes_z_activity_mean,0.4533482503189929,-0.4309340041539819,train
44000-P123961,outcomes_z_activity_mean,-0.18292036749977397,0.06738785543436819,val
44000-P123994,outcomes_z_activity_mean,0.15749779124481197,-0.03258568623738468,val
44000-P124181,outcomes_z_activity_mean,-0.5259422995703782,-0.16480001409010778,train
44000-P124351,outcomes_z_activity_mean,0.9437206697249453,-0.022579110426426345,train
44000-P124978,outcomes_z_activity_mean,0.18743256233110425,0.09785162120227507,train
44000-P125021,outcomes_z_activity_mean,-0.6457153954205358,-0.3556524654802935,train
44000-P125022,outcomes_z_activity_mean,-0.143868733449271,-0.08811874326269063,val
44000-P125032,outcomes_z_activity_mean,-0.1629454792742454,0.19157197656148597,train
44000-P125120,outcomes_z_activity_mean,-0.4846327883384869,0.06217943544950564,val
44000-P125151,outcomes_z_activity_mean,-0.5398361630254648,0.060305993832642034,train
44000-P125184,outcomes_z_activity_mean,1.433123173647635,-0.016354112651074858,val
44000-P125496,outcomes_z_activity_mean,0.16618367001216694,-0.08663862153776351,val
44000-P125996,outcomes_z_activity_mean,0.14106017773022245,0.10317268716006862,train
44000-P126042,outcomes_z_activity_mean,-0.3905300078119093,-0.20818637502996104,train
44000-P126325,outcomes_z_activity_mean,-0.2953024931268694,0.177591972839726,val
44000-P126440,outcomes_z_activity_mean,1.6164717482511337,0.39605055250458604,train
44000-P126507,outcomes_z_activity_mean,-1.8561767499958604,0.01649574099154986,val
44000-P126516,outcomes_z_activity_mean,-0.07045568761402154,-0.03990482273738719,val
44000-P126537,outcomes_z_activity_mean,6.2707754345410205,0.6068382943564413,train
44000-P126579,outcomes_z_activity_mean,-0.4203309397475504,-0.0524651006285992,train
44000-P126782,outcomes_z_activity_mean,0.015085921890803666,0.13722456358844223,train
44000-P126813,outcomes_z_activity_mean,-0.3016677153303484,-0.15774742849162987,val
44000-P126856,outcomes_z_activity_mean,-0.4137175073626765,-0.3268556435446512,val
44000-P127035,outcomes_z_activity_mean,-0.21237509558068937,-0.0804185459772721,val
44000-P127156,outcomes_z_activity_mean,-0.42948233932052504,0.056429213423467205,train
44000-P127203,outcomes_z_activity_mean,0.40100731360675373,0.21010388071733657,train
44000-P127226,outcomes_z_activity_mean,-0.3790348770554097,0.14457292595957125,val
44000-P127303,outcomes_z_activity_mean,-0.49254166715191916,0.45454785652359037,val
44000-P127676,outcomes_z_activity_mean,3.461817957251927,-0.2030834082504925,val
44000-P127723,outcomes_z_activity_mean,-0.08265603624785729,0.06821978489841077,val
44000-P127743,outcomes_z_activity_mean,-0.2122944122540544,-0.03700374350253091,train
44000-P127759,outcomes_z_activity_mean,-0.3975055281393536,0.0443550922437846,val
44000-P127775,outcomes_z_activity_mean,-0.6571418479151427,-0.3300409421674701,val
44000-P127813,outcomes_z_activity_mean,-0.5863098772030975,-0.2605053008994989,val
44000-P127837,outcomes_z_activity_mean,-0.4168704737542462,-0.3673699230569343,val
44000-P128605,outcomes_z_activity_mean,0.1412798049622752,0.34062139255112567,test
44000-P128768,outcomes_z_activity_mean,0.6385125071741882,0.23778477282790983,val
44000-P128867,outcomes_z_activity_mean,0.6124190130222363,-0.06737516177523474,val
44000-P128891,outcomes_z_activity_mean,-0.4444476438148783,0.06296362080161412,train
44000-P129408,outcomes_z_activity_mean,0.5236594008509973,0.10478327168628304,val
44000-P129431,outcomes_z_activity_mean,2.1190976332312874,0.18577035285345223,val
44000-P129920,outcomes_z_activity_mean,-0.10875439047178764,0.1314289450061039,val
44000-P130222,outcomes_z_activity_mean,-0.9466962533473116,-0.20971962710048433,val
44000-P130413,outcomes_z_activity_mean,-0.2434573222179124,0.07811787489100297,val
44000-P130421,outcomes_z_activity_mean,-0.007638800406318351,-0.01692803778416439,train
44000-P130682,outcomes_z_activity_mean,0.0639873468899123,-0.11327302954777993,val
44000-P130824,outcomes_z_activity_mean,0.35553808857383623,-0.2724060306874451,train
44000-P131084,outcomes_z_activity_mean,0.3236603640417239,0.013388857775564087,val
44000-P131235,outcomes_z_activity_mean,-0.03584663690699446,-0.10354223923445309,val
44000-P131256,outcomes_z_activity_mean,-0.18201122009262544,0.07083878704431174,val
44000-P131263,outcomes_z_activity_mean,-0.32035294195940733,-0.09173101792629412,train
44000-P131558,outcomes_z_activity_mean,0.21438556521580068,0.03740654614788302,val
44000-P131659,outcomes_z_activity_mean,-0.30336368365773675,-0.30805627502708904,val
44000-P131965,outcomes_z_activity_mean,-0.08265603624785729,-0.07672872475047991,val
44000-P132173,outcomes_z_activity_mean,0.0631694362886885,0.1725270889637102,val
44000-P132277,outcomes_z_activity_mean,0.6678389410298107,0.0770566443958007,val
44000-P132289,outcomes_z_activity_mean,-0.5556009949833133,-0.11264201938347693,val
44000-P132306,outcomes_z_activity_mean,0.22434990705403113,0.3571588057375321,val
44000-P132562,outcomes_z_activity_mean,0.0700852828081068,0.008046438503262162,val
44000-P132621,outcomes_z_activity_mean,0.01951547421846613,-0.1743326556925151,val
44000-P132846,outcomes_z_activity_mean,-0.14555662218586043,0.12284743929326886,val
44000-P132982,outcomes_z_activity_mean,3.406759328558278,0.03643419388197706,val
44000-P133017,outcomes_z_activity_mean,-0.5177653982844769,-0.06186822643937379,val
44000-P133018,outcomes_z_activity_mean,-0.2265873896556346,-0.3501706063816459,val
44000-P133116,outcomes_z_activity_mean,0.8439841975062,0.0009660688406124738,val
44000-P133133,outcomes_z_activity_mean,-1.0015800837210966,0.12073099389650281,val
44000-P133184,outcomes_z_activity_mean,-0.0945963145504578,-0.009959848402552637,val
44000-P133261,outcomes_z_activity_mean,-0.3050726702985736,0.20203175258784128,val
44000-P133288,outcomes_z_activity_mean,0.5987072395681068,0.02593977496048193,val
44000-P133305,outcomes_z_activity_mean,0.5156419031018723,0.15509128260805136,val
44000-P133312,outcomes_z_activity_mean,1.156549018634535,0.09644295775943224,val
44000-P133327,outcomes_z_activity_mean,-0.007463662559795951,0.030806136452963994,train
44000-P133445,outcomes_z_activity_mean,-0.0003289824594871112,0.16408878016725417,val
44000-P133456,outcomes_z_activity_mean,0.17845167218277933,-0.10414368361882376,val
44000-P133591,outcomes_z_activity_mean,-0.2899000162721397,0.11487547668025035,val
44000-P133613,outcomes_z_activity_mean,-0.01351503621101574,0.07186107602578666,val
44000-P133828,outcomes_z_activity_mean,-0.48644699189929147,0.05760515305627232,val
44000-P143382,outcomes_z_activity_mean,2.0806820178934506,0.036655599429071956,val
44000-P143580,outcomes_z_activity_mean,-0.32657234700197785,-0.005994776896683983,val
44000-P143594,outcomes_z_activity_mean,0.04399076762446641,0.2198917952861684,val
44000-P143645,outcomes_z_activity_mean,-0.3829642101713125,-0.01319789464932789,val
44000-P143940,outcomes_z_activity_mean,-0.5335302302423254,0.03411163048040386,val
44000-P143996,outcomes_z_activity_mean,0.0681263777199051,-0.0659831733121375,val
44000-P144029,outcomes_z_activity_mean,-0.5940233170436728,0.11368207603829633,val
44000-P144135,outcomes_z_activity_mean,0.3575183384368363,0.29658979221168896,val
44000-P145037,outcomes_z_activity_mean,0.09252710904151329,0.018488375179951808,val
44000-P145578,outcomes_z_activity_mean,-0.8540137603032911,-0.1473690373751383,val
44000-P145799,outcomes_z_activity_mean,-0.012624209520088317,-0.23068290729615296,val
44000-P145813,outcomes_z_activity_mean,0.8013541130857293,0.08661806394176601,val
44000-P146007,outcomes_z_activity_mean,1.228313166988632,0.04561674159591214,val
44000-P146199,outcomes_z_activity_mean,-0.5186259763693193,0.1319071645776138,val
44000-P146344,outcomes_z_activity_mean,0.15309304272180924,0.012576224311453365,val
44000-P146933,outcomes_z_activity_mean,1.2461212529153896,-0.00398797731467735,val
44000-P147157,outcomes_z_activity_mean,-0.11606971659485067,-0.07238517484440928,val
44000-P147277,outcomes_z_activity_mean,-0.553510175060687,-0.04906701061121894,val
44000-P147348,outcomes_z_activity_mean,5.2458571655049475,-0.06809727356117988,val
44000-P147381,outcomes_z_activity_mean,-0.42317640653738564,0.1154304817193961,val
44000-P147499,outcomes_z_activity_mean,-0.5240713310676163,0.1070666618910702,val
44000-P147514,outcomes_z_activity_mean,-0.325725809958647,0.26506306257170803,val
44000-P147629,outcomes_z_activity_mean,-0.4208229966063739,0.18546780151008807,val
44000-P147760,outcomes_z_activity_mean,0.60475995260599,-0.49226577491156037,val
44000-P147827,outcomes_z_activity_mean,0.5652604326414912,0.011925020753167589,val
44000-P147921,outcomes_z_activity_mean,-0.3606460959719822,0.029016669811882258,test
44000-P148523,outcomes_z_activity_mean,-0.5113940367200209,-0.058227373122359094,val
44000-P148560,outcomes_z_activity_mean,0.16664855566729422,0.08820681087952513,val
44000-P148599,outcomes_z_activity_mean,0.22633467012597389,-0.17163564700462924,val
44000-P148797,outcomes_z_activity_mean,0.054411397980143585,0.21796598869397873,val
44000-P148970,outcomes_z_activity_mean,0.4640206420608112,0.12999790204469874,val
44000-P149091,outcomes_z_activity_mean,0.11037575986841647,0.003998846579194249,val
44000-P149176,outcomes_z_activity_mean,0.6350985540279348,0.38783158807420903,val
44000-P149599,outcomes_z_activity_mean,-0.2178554812843254,0.3123459677686439,val
44000-P149620,outcomes_z_activity_mean,-0.2628059770091102,-0.01843171263194932,test
44000-P149872,outcomes_z_activity_mean,-0.21950705156397826,-0.006725008686565392,val
44000-P150327,outcomes_z_activity_mean,1.9685369068448864,0.3914209370535617,val
44000-P150351,outcomes_z_activity_mean,-0.3264105145750851,-0.041403974881427975,val
44000-P150395,outcomes_z_activity_mean,-0.13797207073979986,-0.1949675937873908,val
44000-P150475,outcomes_z_activity_mean,0.60042564487834,-0.03229627656862679,val
44000-P150520,outcomes_z_activity_mean,0.13522058331039646,0.013812755806005654,val
44000-P150631,outcomes_z_activity_mean,0.31551845286412855,-0.004363230488228472,val
44000-P150634,outcomes_z_activity_mean,0.28088098870012995,0.1899810750835859,val
44000-P150696,outcomes_z_activity_mean,1.0724419125064417,-0.10610750376878038,val
44000-P151030,outcomes_z_activity_mean,-0.20877469191064557,-0.2865181552398907,test
44000-P151077,outcomes_z_activity_mean,-0.3853408098385491,-0.1275268994096701,val
44000-P151086,outcomes_z_activity_mean,0.9269583117904778,-0.06820076267588827,test
44000-P151102,outcomes_z_activity_mean,-0.6592533849566715,-0.46081646060186826,val
44000-P151363,outcomes_z_activity_mean,-0.46009641917498567,-0.010531363027717022,val
44000-P151416,outcomes_z_activity_mean,0.021003464967094647,-0.33931362621181055,val
44000-P151909,outcomes_z_activity_mean,-0.5139511254999491,0.08025427708471046,test
44000-P152460,outcomes_z_activity_mean,0.5579227629887558,0.014659127767853511,val
44000-P152659,outcomes_z_activity_mean,0.054410832955685884,0.12880665922977827,val
44000-P152693,outcomes_z_activity_mean,-0.7539903256769298,-0.22085295990825016,val
44000-P152822,outcomes_z_activity_mean,0.3890686267708531,0.11242337814119496,val
44000-P152936,outcomes_z_activity_mean,-0.2949193660486404,0.1332550625169118,val
44000-P153115,outcomes_z_activity_mean,-0.24030435582634263,-0.19638235480322452,test
44000-P153420,outcomes_z_activity_mean,1.0537070530662487,0.3156129311584068,val
44000-P153604,outcomes_z_activity_mean,0.4257116721864249,-0.1264207900594241,test
44000-P154255,outcomes_z_activity_mean,0.01610529113972683,0.08324900003660443,test
44000-P154291,outcomes_z_activity_mean,-0.44369067140781115,-0.06055429377134304,val
44000-P154299,outcomes_z_activity_mean,-0.19313852612400934,-0.09891154965528295,val
44000-P154387,outcomes_z_activity_mean,-0.12972813220412402,-0.1596320435907724,test
44000-P154464,outcomes_z_activity_mean,0.055113584112661526,0.01669878175010549,val
44000-P154672,outcomes_z_activity_mean,-0.4614200043224575,0.03178746115085871,val
44000-P154683,outcomes_z_activity_mean,0.29607221330593947,-0.012855955761610343,test
44000-P154698,outcomes_z_activity_mean,0.045214826599301795,0.19793535846595411,test
44000-P154908,outcomes_z_activity_mean,-0.13120374609639948,0.1136311078499764,test
44000-P155038,outcomes_z_activity_mean,-0.4496778975295179,0.08141494634636207,test
44000-P155522,outcomes_z_activity_mean,-0.3695759778807006,0.03385461561645318,test
44000-P155658,outcomes_z_activity_mean,2.480347272866526,0.04942058758341482,val
44000-P155824,outcomes_z_activity_mean,-1.4501588496735671,-0.13721822501806236,test
44000-P156021,outcomes_z_activity_mean,-0.12140374062726156,0.07014505739262236,val
44000-P156125,outcomes_z_activity_mean,-1.1513999148349428,-0.1107543963749285,test
44000-P156208,outcomes_z_activity_mean,0.4319788630679021,0.4188390348168497,test
44000-P156422,outcomes_z_activity_mean,0.24209950208382242,-0.20604773709468527,val
44000-P156559,outcomes_z_activity_mean,0.45238493025892823,0.4005368492154161,val
44000-P156584,outcomes_z_activity_mean,-0.43281036131422707,-0.005190411965436094,test
44000-P156892,outcomes_z_activity_mean,0.1253493401549593,0.055532347402229676,test
44000-P157055,outcomes_z_activity_mean,-0.3853408098385491,0.045232208719226175,test
44000-P157127,outcomes_z_activity_mean,0.505204576064138,-0.1619081062281527,test
44000-P157571,outcomes_z_activity_mean,0.7625879201286075,-0.13991742349216008,val
44000-P157782,outcomes_z_activity_mean,-0.6361236722165962,0.04107456509772602,test
44000-P157836,outcomes_z_activity_mean,-0.11814288059916406,-0.05457602657448809,test
44000-P158194,outcomes_z_activity_mean,-0.8264408080191511,0.06495378687555145,test
44000-P158298,outcomes_z_activity_mean,-0.25072772203042987,-0.00380255602876151,test
44000-P158434,outcomes_z_activity_mean,1.4625267931012054,0.24213033670208595,test
44000-P158713,outcomes_z_activity_mean,1.118093681096125,-0.14692435079835015,test
44000-P159023,outcomes_z_activity_mean,0.4687647846005563,-0.11625008489778776,test
44000-P159397,outcomes_z_activity_mean,0.51620965965846,-0.23508127860145983,test
44000-P159870,outcomes_z_activity_mean,-0.35189212270675685,-0.282679343156883,test
44000-P160033,outcomes_z_activity_mean,-0.31335559579162975,-0.1770593296926442,test
44000-P160170,outcomes_z_activity_mean,0.22868997768158045,0.1785461274090122,test
44000-P160359,outcomes_z_activity_mean,0.20215064253884735,0.058378786921454796,test
44000-P160658,outcomes_z_activity_mean,0.32331591649625524,-0.281902318313456,test
44000-P160929,outcomes_z_activity_mean,0.4974897798009687,0.08880883933710408,test
44000-P161015,outcomes_z_activity_mean,0.3102787341066739,0.37869057356547275,test
44000-P161067,outcomes_z_activity_mean,0.4978940962653342,0.08156312594558082,test
44000-P161167,outcomes_z_activity_mean,1.5281419875694238,0.07932510950298921,test
44000-P161320,outcomes_z_activity_mean,0.36830302061833753,-0.1495407501270834,test
44000-P161490,outcomes_z_activity_mean,-0.09898982262884728,-0.35718683919010813,test
44000-P161929,outcomes_z_activity_mean,0.6614440321625936,0.15555502921521805,test
44000-P162071,outcomes_z_activity_mean,-0.6844382914429296,-0.006321983984684452,test
44000-P162245,outcomes_z_activity_mean,0.09333703121817764,0.1653952781518419,test
44000-P162760,outcomes_z_activity_mean,0.4281245191864353,0.33923661188810955,test
44000-P162849,outcomes_z_activity_mean,-1.8331130587115547,-0.15650617628312666,test
44000-P162956,outcomes_z_activity_mean,-0.04219355797967837,0.15753291317574966,test
44000-P163138,outcomes_z_activity_mean,-0.3364867468520701,-0.2788689497126952,test
44000-P163250,outcomes_z_activity_mean,-0.6750610711961252,-0.03434965726247884,test
44000-P163383,outcomes_z_activity_mean,-0.28253357143299673,0.17288777644019943,test
44000-P163452,outcomes_z_activity_mean,3.735790305438977,0.1105328786628709,test
44000-P164047,outcomes_z_activity_mean,0.2026985294663467,-0.37510291398682155,test
44000-P164190,outcomes_z_activity_mean,0.5825634359857731,0.31722346333899787,test
44000-P164885,outcomes_z_activity_mean,-0.2624800743784303,0.27255229196646086,test
44000-P165453,outcomes_z_activity_mean,1.6518691168137667,0.19032817147479175,test
44000-P166075,outcomes_z_activity_mean,1.9048038874348756,-0.041190455471136686,test
44000-P166802,outcomes_z_activity_mean,-0.1928652658204319,-0.07883242465961458,test
44000-P169828,outcomes_z_activity_mean,0.7068932439342666,-0.10344322469825779,test
44000-P169867,outcomes_z_activity_mean,-0.31617338231566305,0.25937854623713585,test
44000-P170595,outcomes_z_activity_mean,0.2739961212783424,0.06663262126544568,test
44000-P171851,outcomes_z_activity_mean,0.5029834483258608,-0.16084488463352078,test
44000-P172796,outcomes_z_activity_mean,-0.38749662292283527,0.003339908620504787,test
44000-P173424,outcomes_z_activity_mean,-0.17202272665560128,-0.05357352671996643,test
44000-P175126,outcomes_z_activity_mean,0.020759562840041105,-0.15589355007802932,test
GB-1-201239,outcomes_z_activity_mean,0.9696408915329924,-0.026514356333242468,train
GB-1-203161,outcomes_z_activity_mean,0.673175789737502,0.2337918205418563,train
GB-1-204764,outcomes_z_activity_mean,-0.3207540673430248,-0.1356438740787069,test
GB-1-205273,outcomes_z_activity_mean,0.2759537328670925,-0.1702095746023373,test
XM-DAC-46004-34341-013-LN2269,outcomes_z_activity_mean,-0.9231268939315544,-0.43824955256188264,train
XM-DAC-46004-34473-013-LN2207,outcomes_z_activity_mean,-0.62993066238651,-0.32684471830972806,train
XM-DAC-46004-35242-013-LN2188,outcomes_z_activity_mean,-0.07003437853169892,0.0903803481879925,train
XM-DAC-46004-35340-013-LN2176,outcomes_z_activity_mean,-0.6956495356138636,-0.12874055087973246,train
XM-DAC-46004-38164-013-LN2622,outcomes_z_activity_mean,-0.09130526862283872,-0.017908173447964526,train
XM-DAC-46004-39321-013-LN2572,outcomes_z_activity_mean,-0.22113573138810932,-0.4759935873440273,train
XM-DAC-46004-40156-033-LN3549,outcomes_z_activity_mean,-0.3128225828324459,-0.16586621387261274,test
XM-DAC-46004-40685-013-LN2838,outcomes_z_activity_mean,0.1050827204747144,-0.26680146853116793,train
XM-DAC-46004-41171-022-GRNT0243,outcomes_z_activity_mean,-0.7255346810959276,-0.31498022754668525,train
XM-DAC-46004-41220-013-LN2957,outcomes_z_activity_mean,-0.3975473741321874,-0.16070123221215138,val
XM-DAC-46004-42022-013-LN2694,outcomes_z_activity_mean,0.1326153051934579,-0.3013337211129804,train
XM-DAC-46004-44036-013-LN2941,outcomes_z_activity_mean,-0.1837649427529763,0.058864857607919374,train
XM-DAC-46004-44240-014-GRNT0499,outcomes_z_activity_mean,-0.15517426325396058,-0.35829068505302547,test
XM-DAC-46004-45022-002-GRNT0420,outcomes_z_activity_mean,-0.5095476649652133,-0.18660918954939973,val
XM-DAC-46004-47047-002-LN3400,outcomes_z_activity_mean,-0.36327004509756117,-0.146812593187086,test
